time,seconds_elapsed,relativeAltitude,pressure
1710890701909304800,0.221304931640625,0,891.9833374023438
1710890701949287700,0.26128759765625,-0.26416015625,892.0119018554688
1710890701989283600,0.30128369140625,-0.1849365234375,892.0033569335938
1710890702029293300,0.341293212890625,-0.158447265625,892.0004272460938
1710890702069283600,0.38128369140625,-0.12939453125,891.9972534179688
1710890702109283600,0.42128369140625,-0.3592529296875,892.0221557617188
1710890702149283600,0.46128369140625,-0.6922607421875,892.0582885742188
1710890702189285400,0.501285400390625,-0.9722900390625,892.0885620117188
1710890702229307100,0.54130712890625,-1.0859375,892.1007690429688
1710890702269283600,0.58128369140625,-1.2708740234375,892.1207885742188
1710890702309284900,0.621284912109375,-1.365966796875,892.1312866210938
1710890702349283300,0.661283447265625,-1.4056396484375,892.1354370117188
1710890702389293300,0.701293212890625,-1.23388671875,892.1168823242188
1710890702429284600,0.74128466796875,-0.832275390625,892.0734252929688
1710890702469283800,0.781283935546875,-0.3592529296875,892.0221557617188
1710890702509284900,0.821284912109375,-0.015869140625,891.9850463867188
1710890702549284900,0.861284912109375,0.401611328125,891.9396362304688
1710890702589307100,0.90130712890625,0.837646484375,891.8925170898438
1710890702629284900,0.941284912109375,1.4532470703125,891.8258666992188
1710890702669283600,0.98128369140625,1.9580078125,891.7711791992188
1710890702709284600,1.02128466796875,2.327880859375,891.7311401367188
1710890702749450200,1.0614501953125,2.5418701171875,891.7079467773438
1710890702789291800,1.101291748046875,1.86279296875,891.7814331054688
1710890702829283300,1.141283447265625,1.582763671875,891.8117065429688
1710890702869285000,1.18128515625,1.479736328125,891.8229370117188
1710890702909285600,1.22128564453125,1.2392578125,891.8490600585938
1710890702949292800,1.261292724609375,0.9512939453125,891.8803100585938
1710890702989283600,1.30128369140625,0.6976318359375,891.9076538085938
1710890703029286100,1.3412861328125,0.59716796875,891.9186401367188
1710890703069283300,1.381283447265625,0.4888916015625,891.9301147460938
1710890703109340700,1.421340576171875,0.46240234375,891.9330444335938
1710890703149291800,1.461291748046875,0.446533203125,891.9347534179688
1710890703189290500,1.50129052734375,0.2933349609375,891.9513549804688
1710890703229290800,1.541290771484375,0.09521484375,891.9728393554688
1710890703269290500,1.58129052734375,-0.163818359375,892.0009155273438
1710890703309293800,1.6212939453125,-0.3619384765625,892.0223999023438
1710890703349323300,1.6613232421875,-0.5654296875,892.0446166992188
1710890703389290800,1.701290771484375,-0.787353515625,892.0685424804688
1710890703429291000,1.741291015625,-1.0330810546875,892.0951538085938
1710890703469291500,1.78129150390625,-1.2603759765625,892.1198120117188
1710890703509306000,1.82130615234375,-1.6116943359375,892.1578979492188
1710890703549290500,1.86129052734375,-2.475830078125,892.2514038085938
1710890703589291000,1.901291015625,-3.6092529296875,892.3742065429688
1710890703629278700,1.94127880859375,-4.988525390625,892.5238647460938
1710890703669302000,1.981302001953125,-6.452392578125,892.6825561523438
1710890703709318000,2.02131787109375,-7.2979736328125,892.7741088867188
1710890703749317600,2.061317626953125,-7.422119140625,892.7875366210938
1710890703789291000,2.101291015625,-7.031005859375,892.7453002929688
1710890703829291000,2.141291015625,-6.1644287109375,892.6513061523438
1710890703869297700,2.181297607421875,-4.904052734375,892.5145874023438
1710890703909297700,2.221297607421875,-3.754638671875,892.3900756835938
1710890703949290800,2.261290771484375,-2.5260009765625,892.2570190429688
1710890703989290500,2.30129052734375,-1.3607177734375,892.1307983398438
1710890704029655000,2.341655029296875,-0.3909912109375,892.0255737304688
1710890704069297200,2.381297119140625,0.3804931640625,891.9420776367188
1710890704109290500,2.42129052734375,1.0120849609375,891.8737182617188
1710890704149291000,2.461291015625,1.2841796875,891.8441772460938
1710890704189308000,2.501307861328125,1.27099609375,891.8456420898438
1710890704229299500,2.541299560546875,1.1494140625,891.8588256835938
1710890704269292300,2.581292236328125,0.7425537109375,891.9027709960938
1710890704309290800,2.621290771484375,0.348876953125,891.9454956054688
1710890704349292500,2.66129248046875,0.0555419921875,891.9772338867188
1710890704389278700,2.70127880859375,-0.177001953125,892.0023803710938
1710890704429293000,2.74129296875,-0.26953125,892.0123901367188
1710890704469318100,2.781318115234375,-0.3197021484375,892.0177612304688
1710890704509292500,2.82129248046875,-0.3804931640625,892.0243530273438
1710890704549291500,2.86129150390625,-0.4835205078125,892.0355834960938
1710890704589521700,2.901521728515625,-0.48876953125,892.0363159179688
1710890704629292800,2.941292724609375,-0.504638671875,892.0377807617188
1710890704669291000,2.981291015625,-0.6103515625,892.0494995117188
1710890704709290800,3.021290771484375,-0.6446533203125,892.0531616210938
1710890704749307000,3.061306884765625,-0.9168701171875,892.0824584960938
1710890704789307600,3.1013076171875,-1.339599609375,892.1283569335938
1710890704829290500,3.14129052734375,-1.61962890625,892.1586303710938
1710890704869291000,3.181291015625,-1.846923828125,892.1832885742188
1710890704909310000,3.22131005859375,-1.603759765625,892.1569213867188
1710890704949293600,3.26129345703125,-1.29736328125,892.1237182617188
1710890704989319400,3.3013193359375,-1.1678466796875,892.1098022460938
1710890705029290800,3.341290771484375,-1.4241943359375,892.1376342773438
1710890705069291000,3.381291015625,-1.860107421875,892.1847534179688
1710890705109291300,3.421291259765625,-1.429443359375,892.1381225585938
1710890705149297200,3.461297119140625,-0.3909912109375,892.0255737304688
1710890705189278000,3.50127783203125,0.93798828125,891.8815307617188
1710890705229291000,3.541291015625,2.6661376953125,891.6945190429688
1710890705269291000,3.581291015625,4.462890625,891.4999389648438
1710890705309511200,3.62151123046875,5.995361328125,891.3339233398438
1710890705349305900,3.661305908203125,7.0338134765625,891.2216186523438
1710890705389317600,3.701317626953125,8.0880126953125,891.1073608398438
1710890705429291000,3.741291015625,8.8516845703125,891.0245971679688
1710890705469292800,3.781292724609375,9.097412109375,890.9979858398438
1710890705509293000,3.82129296875,8.9599609375,891.0131225585938
1710890705549318700,3.861318603515625,8.5635986328125,891.0558471679688
1710890705589292500,3.90129248046875,8.0035400390625,891.1166381835938
1710890705629290800,3.941290771484375,7.353515625,891.1869506835938
1710890705669696300,3.9816962890625,6.6796875,891.2599487304688
1710890705709292300,4.021292236328125,6.0006103515625,891.3331909179688
1710890705749277400,4.06127734375,5.33740234375,891.4052124023438
1710890705789293000,4.10129296875,3.9951171875,891.5504760742188
1710890705829291000,4.141291015625,3.176025390625,891.6393432617188
1710890705869297400,4.18129736328125,2.029296875,891.7633666992188
1710890705909299500,4.221299560546875,0.93017578125,891.8825073242188
1710890705949290800,4.261290771484375,0.4757080078125,891.9315795898438
1710890705989291000,4.301291015625,-0.1373291015625,891.9982299804688
1710890706029293800,4.3412939453125,-0.5654296875,892.0446166992188
1710890706069298400,4.38129833984375,-0.89306640625,892.0800170898438
1710890706109278700,4.42127880859375,-1.0648193359375,892.0985717773438
1710890706149291000,4.461291015625,-1.133544921875,892.1061401367188
1710890706189291500,4.50129150390625,-1.1678466796875,892.1098022460938
1710890706229301000,4.541301025390625,-1.07275390625,892.0993041992188
1710890706269307600,4.5813076171875,-0.8851318359375,892.0790405273438
1710890706309291000,4.621291015625,-0.5230712890625,892.0397338867188
1710890706349293600,4.66129345703125,-0.134765625,891.9977416992188
1710890706389284900,4.701284912109375,0.3858642578125,891.9413452148438
1710890706429298200,4.741298095703125,0.8428955078125,891.8917846679688
1710890706469309000,4.781308837890625,1.02783203125,891.8720092773438
1710890706509278700,4.82127880859375,1.197021484375,891.8536987304688
1710890706549291000,4.861291015625,1.29736328125,891.8427124023438
1710890706589313800,4.901313720703125,1.3740234375,891.8344116210938
1710890706629309400,4.941309326171875,1.38720703125,891.8329467773438
1710890706669316900,4.98131689453125,1.519287109375,891.8185424804688
1710890706709292300,5.021292236328125,1.392578125,891.8322143554688
1710890706749300000,5.061300048828125,1.1097412109375,891.8629760742188
1710890706789308700,5.10130859375,0.7821044921875,891.8986206054688
1710890706829291800,5.141291748046875,0.2484130859375,891.9562377929688
1710890706869290800,5.181290771484375,-0.3038330078125,892.0160522460938
1710890706909298000,5.2212978515625,-0.6763916015625,892.0563354492188
1710890706949320700,5.26132080078125,-0.73974609375,892.0634155273438
1710890706989324000,5.301323974609375,-0.55224609375,892.0431518554688
1710890707029291000,5.341291015625,-0.163818359375,892.0009155273438
1710890707069290800,5.381290771484375,0.2061767578125,891.9608764648438
1710890707109290800,5.421290771484375,0.48095703125,891.9310913085938
1710890707149297700,5.461297607421875,0.28271484375,891.9525756835938
1710890707189291000,5.501291015625,0.1796875,891.9638061523438
1710890707229290800,5.541290771484375,0.0133056640625,891.9816284179688
1710890707269291000,5.581291015625,-0.0528564453125,891.9889526367188
1710890707309626000,5.621626220703125,-0.30908203125,892.0167846679688
1710890707349305900,5.661305908203125,-0.546875,892.0424194335938
1710890707389318100,5.701318115234375,-0.742431640625,892.0636596679688
1710890707429290800,5.741290771484375,-0.89306640625,892.0800170898438
1710890707469311000,5.78131103515625,-1.011962890625,892.0929565429688
1710890707509293800,5.8212939453125,-1.07275390625,892.0995483398438
1710890707549316900,5.86131689453125,-1.0198974609375,892.0936889648438
1710890707589290800,5.901290771484375,-0.9327392578125,892.0841674804688
1710890707629278700,5.94127880859375,-0.5838623046875,892.0463256835938
1710890707669304600,5.9813046875,-0.203369140625,892.0053100585938
1710890707709292500,6.02129248046875,0.1744384765625,891.9642944335938
1710890707749294000,6.061294189453125,0.6368408203125,891.9142456054688
1710890707789278000,6.10127783203125,1.183837890625,891.8549194335938
1710890707829293600,6.14129345703125,1.8865966796875,891.7789916992188
1710890707869297200,6.181297119140625,2.5313720703125,891.7091674804688
1710890707909298000,6.2212978515625,3.0809326171875,891.6493530273438
1710890707949290500,6.26129052734375,3.4666748046875,891.6076049804688
1710890707989292800,6.301292724609375,3.6912841796875,891.5834350585938
1710890708029297200,6.341297119140625,3.6885986328125,891.5836791992188
1710890708069306600,6.381306640625,3.5247802734375,891.6015014648438
1710890708109292500,6.42129248046875,3.2896728515625,891.6268920898438
1710890708149292000,6.4612919921875,3.115234375,891.6459350585938
1710890708189309400,6.501309326171875,2.927734375,891.6661987304688
1710890708229299700,6.5412998046875,2.6845703125,891.6923217773438
1710890708269350700,6.5813505859375,2.51025390625,891.7113647460938
1710890708309290800,6.621290771484375,1.987060546875,891.7680053710938
1710890708349278200,6.6612783203125,1.4373779296875,891.8275756835938
1710890708389291000,6.701291015625,0.8746337890625,891.8883666992188
1710890708429318100,6.741318115234375,0.5152587890625,891.9274291992188
1710890708469297000,6.781296875,0.3330078125,891.9472045898438
1710890708509290800,6.821290771484375,0.2774658203125,891.9530639648438
1710890708549290800,6.861290771484375,0.28271484375,891.9525756835938
1710890708589470000,6.901469970703125,0.214111328125,891.9601440429688
1710890708629308700,6.94130859375,0.2220458984375,891.9591674804688
1710890708669292800,6.981292724609375,0.259033203125,891.9550170898438
1710890708709290500,7.02129052734375,0.3065185546875,891.9501342773438
1710890708749291500,7.06129150390625,0.59716796875,891.9183959960938
1710890708789296400,7.10129638671875,0.8482666015625,891.8912963867188
1710890708829308700,7.14130859375,1.033203125,891.8712768554688
1710890708869291000,7.181291015625,1.1414794921875,891.8595581054688
1710890708909292500,7.22129248046875,1.2735595703125,891.8451538085938
1710890708949629000,7.26162890625,1.2603759765625,891.8466186523438
1710890708989292000,7.3012919921875,1.3370361328125,891.8383178710938
1710890709029318100,7.341318115234375,1.4241943359375,891.8287963867188
1710890709069293300,7.381293212890625,1.4559326171875,891.8256225585938
1710890709109292300,7.421292236328125,1.5035400390625,891.8202514648438
1710890709149298000,7.4612978515625,1.5008544921875,891.8204956054688
1710890709189292500,7.50129248046875,1.4718017578125,891.8239135742188
1710890709229290800,7.541290771484375,1.371337890625,891.8346557617188
1710890709269291000,7.581291015625,1.2894287109375,891.8434448242188
1710890709309293000,7.62129296875,1.255126953125,891.8473510742188
1710890709349292800,7.661292724609375,1.178466796875,891.8554077148438
1710890709389290800,7.701290771484375,1.11767578125,891.8619995117188
1710890709429292300,7.741292236328125,1.02783203125,891.8720092773438
1710890709469292300,7.781292236328125,1.00146484375,891.8746948242188
1710890709509294600,7.821294677734375,0.985595703125,891.8764038085938
1710890709549309400,7.861309326171875,0.98291015625,891.8768920898438
1710890709589291000,7.901291015625,0.93017578125,891.8825073242188
1710890709629293000,7.94129296875,0.8798828125,891.8878784179688
1710890709669279000,7.981279052734375,0.6632080078125,891.9113159179688
1710890709709314300,8.021314208984375,0.4281005859375,891.9367065429688
1710890709749292800,8.061292724609375,0.214111328125,891.9601440429688
1710890709789292300,8.101292236328124,0.214111328125,891.9601440429688
1710890709829291000,8.141291015625,0.2669677734375,891.9542846679688
1710890709869325800,8.181325927734376,0.3673095703125,891.9432983398438
1710890709909299000,8.221298828125,0.5787353515625,891.9205932617188
1710890709949317000,8.261317138671876,0.8297119140625,891.8934936523438
1710890709989291000,8.301291015625,0.9962158203125,891.8751831054688
1710890710029292300,8.341292236328124,1.2578125,891.8468627929688
1710890710069292800,8.381292724609375,1.4638671875,891.8246459960938
1710890710109292000,8.4212919921875,1.7122802734375,891.7977905273438
1710890710149291000,8.461291015625,1.9024658203125,891.7770385742188
1710890710189291000,8.501291015625,2.058349609375,891.7601928710938
1710890710229293000,8.54129296875,2.211669921875,891.7435913085938
1710890710269293300,8.581293212890625,2.251220703125,891.7394409179688
1710890710309292000,8.6212919921875,2.25390625,891.7391967773438
1710890710349290800,8.661290771484374,2.1826171875,891.7467651367188
1710890710389291000,8.701291015625,2.0848388671875,891.7575073242188
1710890710429298000,8.7412978515625,1.8602294921875,891.7816772460938
1710890710469290800,8.781290771484375,1.7386474609375,891.7948608398438
1710890710509290800,8.821290771484374,1.6356201171875,891.8060913085938
1710890710549290800,8.861290771484375,1.4136962890625,891.8300170898438
1710890710589474300,8.901474365234375,1.078125,891.8663940429688
1710890710629297400,8.94129736328125,0.55224609375,891.9232788085938
1710890710669291000,8.981291015625,0.303955078125,891.9503784179688
1710890710709290500,9.02129052734375,0.2747802734375,891.9533081054688
1710890710749309400,9.061309326171875,0.568115234375,891.9215698242188
1710890710789298200,9.101298095703125,0.7874755859375,891.8978881835938
1710890710829296400,9.14129638671875,1.07275390625,891.8668823242188
1710890710869291300,9.181291259765626,1.212890625,891.8517456054688
1710890710909290800,9.221290771484375,1.2471923828125,891.8480834960938
1710890710949321200,9.2613212890625,1.178466796875,891.8556518554688
1710890710989571800,9.30157177734375,1.1151123046875,891.8624877929688
1710890711029318100,9.341318115234374,1.13623046875,891.8602905273438
1710890711069278200,9.3812783203125,0.8798828125,891.8878784179688
1710890711109291300,9.421291259765624,0.5390625,891.9247436523438
1710890711149313000,9.46131298828125,0.2933349609375,891.9513549804688
1710890711189317000,9.501317138671874,0.1163330078125,891.9706420898438
1710890711229291000,9.541291015625,-0.0369873046875,891.9872436523438
1710890711269290500,9.58129052734375,-0.2008056640625,892.0050659179688
1710890711309325300,9.6213251953125,-0.383056640625,892.0248413085938
1710890711349299000,9.661298828125,-0.5125732421875,892.0387573242188
1710890711389299000,9.701298828125,-0.6341552734375,892.0519409179688
1710890711429291000,9.741291015625,-0.6341552734375,892.0519409179688
1710890711469290500,9.78129052734375,-0.7344970703125,892.0626831054688
1710890711509301200,9.82130126953125,-0.8798828125,892.0785522460938
1710890711549308700,9.86130859375,-0.9432373046875,892.0853881835938
1710890711589292500,9.90129248046875,-0.9697265625,892.0883178710938
1710890711629291000,9.941291015625,-0.8665771484375,892.0770874023438
1710890711669290800,9.981290771484375,-0.665771484375,892.0553588867188
1710890711709465000,10.021465087890626,-0.12939453125,891.9972534179688
1710890711749290800,10.061290771484375,-0.118896484375,891.9960327148438
1710890711789290800,10.101290771484376,-0.2589111328125,892.0111694335938
1710890711829291000,10.141291015625,-0.652587890625,892.0538940429688
1710890711869579000,10.1815791015625,-1.1097412109375,892.1034545898438
1710890711909301500,10.221301513671875,-1.1572265625,892.1085815429688
1710890711949290800,10.261290771484376,-1.5218505859375,892.1481323242188
1710890711989291000,10.301291015625,-2.066162109375,892.2069702148438
1710890712029292500,10.34129248046875,-2.592041015625,892.2640991210938
1710890712069299000,10.381298828125,-2.4493408203125,892.2487182617188
1710890712109359900,10.42135986328125,-1.70947265625,892.1683959960938
1710890712149292000,10.4612919921875,-0.63671875,892.0521850585938
1710890712189290800,10.501290771484374,0.0528564453125,891.9774780273438
1710890712229626400,10.54162646484375,0.763671875,891.9005737304688
1710890712269292500,10.58129248046875,1.326416015625,891.8395385742188
1710890712309306400,10.621306396484375,1.3184814453125,891.8405151367188
1710890712349307000,10.661306884765626,1.2313232421875,891.8497924804688
1710890712389293800,10.7012939453125,1.1890869140625,891.8544311523438
1710890712429308400,10.741308349609374,0.6922607421875,891.9081420898438
1710890712469290500,10.78129052734375,-0.19287109375,892.0040893554688
1710890712509304800,10.821304931640626,-0.5098876953125,892.0385131835938
1710890712549291000,10.861291015625,-0.224609375,892.0075073242188
1710890712589279500,10.901279541015626,0.433349609375,891.9362182617188
1710890712629298200,10.941298095703125,0.689697265625,891.9086303710938
1710890712669290800,10.981290771484375,0.554931640625,891.9230346679688
1710890712709650000,11.02164990234375,0.401611328125,891.9396362304688
1710890712749292000,11.0612919921875,0.5469970703125,891.9240112304688
1710890712789301500,11.101301513671874,0.9671630859375,891.8783569335938
1710890712829309400,11.141309326171875,1.178466796875,891.8556518554688
1710890712869278000,11.18127783203125,1.11767578125,891.8622436523438
1710890712909308700,11.22130859375,1.25244140625,891.8475952148438
1710890712949281300,11.26128125,1.344970703125,891.8375854492188
1710890712989299000,11.301298828125,1.3660888671875,891.8351440429688
1710890713029306600,11.341306640625,0.940673828125,891.8812866210938
1710890713069292500,11.38129248046875,0.8614501953125,891.8898315429688
1710890713109291000,11.421291015625,1.2049560546875,891.8527221679688
1710890713149308000,11.461307861328125,1.6964111328125,891.7994995117188
1710890713189297000,11.501296875,2.103271484375,891.7553100585938
1710890713229291000,11.541291015625,2.4229736328125,891.7208862304688
1710890713269290800,11.581290771484374,2.4520263671875,891.7174682617188
1710890713309309000,11.621308837890625,2.2486572265625,891.7396850585938
1710890713349306000,11.66130615234375,1.942138671875,891.7728881835938
1710890713389873200,11.701873046875,1.5457763671875,891.8158569335938
1710890713429291000,11.741291015625,1.088623046875,891.8654174804688
1710890713469290800,11.781290771484375,0.8428955078125,891.8917846679688
1710890713509304300,11.82130419921875,0.583984375,891.9198608398438
1710890713549290800,11.861290771484375,0.3831787109375,891.9415893554688
1710890713589297400,11.90129736328125,0.2933349609375,891.9515991210938
1710890713629291000,11.941291015625,0.259033203125,891.9550170898438
1710890713669290800,11.981290771484375,0.1533203125,891.9664916992188
1710890713709481500,12.0214814453125,0.150634765625,891.9669799804688
1710890713749293000,12.06129296875,0.298583984375,891.9508666992188
1710890713789291000,12.101291015625,0.4281005859375,891.9367065429688
1710890713829291000,12.141291015625,0.5601806640625,891.9225463867188
1710890713869534000,12.181533935546875,0.953857421875,891.8798217773438
1710890713909299000,12.221298828125,1.492919921875,891.8214721679688
1710890713949298200,12.261298095703125,2.0399169921875,891.7621459960938
1710890713989290800,12.301290771484375,2.5498046875,891.7069702148438
1710890714029309700,12.341309814453124,2.7744140625,891.6825561523438
1710890714069293300,12.381293212890625,2.7506103515625,891.6852416992188
1710890714109292500,12.42129248046875,2.6343994140625,891.6979370117188
1710890714149292000,12.4612919921875,2.49169921875,891.7133178710938
1710890714189292300,12.501292236328124,2.256591796875,891.7387084960938
1710890714229316600,12.541316650390625,2.0029296875,891.7662963867188
1710890714269293000,12.58129296875,1.8126220703125,891.7868041992188
1710890714309292000,12.6212919921875,1.6435546875,891.8051147460938
1710890714349309000,12.661308837890624,1.654052734375,891.8038940429688
1710890714389291300,12.701291259765625,1.7835693359375,891.7899780273438
1710890714429298400,12.74129833984375,1.8892822265625,891.7785034179688
1710890714469292000,12.7812919921875,1.9130859375,891.7760620117188
1710890714509292300,12.821292236328125,1.794189453125,891.7887573242188
1710890714549291000,12.861291015625,1.6646728515625,891.8029174804688
1710890714589280300,12.9012802734375,1.3819580078125,891.8334350585938
1710890714629297700,12.941297607421875,1.1943359375,891.8539428710938
1710890714669395000,12.98139501953125,0.50732421875,891.9281616210938
1710890714709292300,13.021292236328126,-0.491455078125,892.0365600585938
1710890714749290800,13.061290771484375,-1.3924560546875,892.1342163085938
1710890714789304300,13.10130419921875,-1.0859375,892.1007690429688
1710890714829297700,13.141297607421874,-0.486083984375,892.0358276367188
1710890714869293300,13.181293212890624,0,891.9830932617188
1710890714909292500,13.22129248046875,0.311767578125,891.9494018554688
1710890714949291000,13.261291015625,0.6025390625,891.9179077148438
1710890714989304800,13.301304931640624,0.895751953125,891.8861694335938
1710890715029307100,13.34130712890625,1.1732177734375,891.8561401367188
1710890715069291300,13.381291259765625,1.3370361328125,891.8383178710938
1710890715109291000,13.421291015625,1.3951416015625,891.8319702148438
1710890715149292800,13.461292724609375,1.389892578125,891.8327026367188
1710890715189293600,13.50129345703125,1.3370361328125,891.8383178710938
1710890715229293000,13.54129296875,1.20751953125,891.8524780273438
1710890715269291300,13.581291259765624,1.2049560546875,891.8527221679688
1710890715309309000,13.621308837890625,1.3343505859375,891.8385620117188
1710890715349298200,13.661298095703126,1.2657470703125,891.8461303710938
1710890715389306400,13.701306396484375,1.0252685546875,891.8722534179688
1710890715429291300,13.741291259765624,0.6182861328125,891.9161987304688
1710890715469291000,13.781291015625,0.3409423828125,891.9462280273438
1710890715509623300,13.821623291015625,0.2906494140625,891.9518432617188
1710890715549319000,13.86131884765625,0.2774658203125,891.9530639648438
1710890715589291000,13.901291015625,0.28271484375,891.9525756835938
1710890715629297700,13.941297607421875,0.227294921875,891.9586791992188
1710890715669291300,13.981291259765625,0.3409423828125,891.9462280273438
1710890715709292500,14.02129248046875,0.5946044921875,891.9188842773438
1710890715749298200,14.061298095703124,0.5338134765625,891.9254760742188
1710890715789290800,14.101290771484376,0.3514404296875,891.9452514648438
1710890715829290800,14.141290771484375,0.1163330078125,891.9706420898438
1710890715869281800,14.18128173828125,0.07666015625,891.9750366210938
1710890715909308700,14.22130859375,0.1322021484375,891.9689331054688
1710890715949612300,14.2616123046875,0.30126953125,891.9506225585938
1710890715989290800,14.301290771484375,0.6025390625,891.9179077148438
1710890716029293800,14.3412939453125,0.75048828125,891.9017944335938
1710890716069304300,14.38130419921875,0.9036865234375,891.8854370117188
1710890716109299700,14.4212998046875,1.02783203125,891.8720092773438
1710890716149293000,14.46129296875,1.1573486328125,891.8578491210938
1710890716189309400,14.501309326171874,1.183837890625,891.8549194335938
1710890716229284900,14.541284912109376,1.2578125,891.8468627929688
1710890716269292500,14.58129248046875,1.25244140625,891.8475952148438
1710890716309292300,14.621292236328125,1.2340087890625,891.8495483398438
1710890716349292000,14.6612919921875,1.27099609375,891.8456420898438
1710890716389291000,14.701291015625,1.1864013671875,891.8546752929688
1710890716429314300,14.741314208984376,1.0570068359375,891.8688354492188
1710890716469802000,14.781802001953125,0.853515625,891.8908081054688
1710890716509310000,14.82131005859375,0.4757080078125,891.9318237304688
1710890716549290800,14.861290771484375,0.3092041015625,891.9496459960938
1710890716589310500,14.901310546875,0.1982421875,891.9618530273438
1710890716629292300,14.941292236328126,0.1295166015625,891.9691772460938
1710890716669293000,14.98129296875,0,891.9830932617188
1710890716709290800,15.021290771484376,-0.1505126953125,891.9994506835938
1710890716749291000,15.061291015625,-0.1505126953125,891.9994506835938
1710890716789316600,15.101316650390626,-0.0819091796875,891.9921264648438
1710890716829308400,15.141308349609375,-0.044921875,891.9879760742188
1710890716869307600,15.1813076171875,0.0133056640625,891.9818725585938
1710890716909290800,15.221290771484375,0.2220458984375,891.9591674804688
1710890716949291000,15.261291015625,0.541748046875,891.9244995117188
1710890716989298000,15.3012978515625,0.8165283203125,891.8947143554688
1710890717029291000,15.341291015625,1.2578125,891.8468627929688
1710890717069291000,15.381291015625,1.7572021484375,891.7929077148438
1710890717109291000,15.421291015625,2.15087890625,891.7501831054688
1710890717149309200,15.46130908203125,2.4520263671875,891.7177124023438
1710890717189309400,15.501309326171874,2.6661376953125,891.6945190429688
1710890717229292800,15.541292724609375,2.713623046875,891.6893920898438
1710890717269291000,15.581291015625,2.6396484375,891.6972045898438
1710890717309309400,15.621309326171875,2.3780517578125,891.7257690429688
1710890717349304300,15.66130419921875,2.0081787109375,891.7655639648438
1710890717389307600,15.7013076171875,1.775634765625,891.7909545898438
1710890717429290800,15.741290771484374,1.3343505859375,891.8385620117188
1710890717469307600,15.7813076171875,0.95654296875,891.8795776367188
1710890717509296600,15.821296630859376,0.4993896484375,891.9291381835938
1710890717549308700,15.86130859375,-0.2509765625,892.0104370117188
1710890717589307600,15.9013076171875,-1.2470703125,892.1183471679688
1710890717629292300,15.941292236328126,-1.9737548828125,892.1972045898438
1710890717669291800,15.981291748046875,-2.5972900390625,892.2645874023438
1710890717709308200,16.02130810546875,-3.2130126953125,892.3314819335938
1710890717749292300,16.061292236328125,-3.5089111328125,892.3634643554688
1710890717789290800,16.101290771484376,-3.5115966796875,892.3637084960938
1710890717829291000,16.141291015625,-3.337158203125,892.3446655273438
1710890717869293300,16.181293212890626,-2.9117431640625,892.2987670898438
1710890717909300200,16.22130029296875,-2.5498046875,892.2594604492188
1710890717949310200,16.261310302734376,-1.981689453125,892.1979370117188
1710890717989291000,16.301291015625,-1.4241943359375,892.1376342773438
1710890718029293000,16.34129296875,-0.96435546875,892.0878295898438
1710890718069294800,16.381294921875,-0.626220703125,892.0509643554688
1710890718109299000,16.421298828125,-0.3038330078125,892.0160522460938
1710890718149291000,16.461291015625,-0.0474853515625,891.9884643554688
1710890718189290800,16.501290771484374,0.1876220703125,891.9628295898438
1710890718229291500,16.54129150390625,0.4385986328125,891.9357299804688
1710890718269298700,16.581298583984374,0.7001953125,891.9074096679688
1710890718309291000,16.621291015625,0.8560791015625,891.8903198242188
1710890718349290800,16.661290771484374,1.07275390625,891.8668823242188
1710890718389292500,16.70129248046875,1.1151123046875,891.8624877929688
1710890718429294300,16.74129443359375,1.07275390625,891.8668823242188
1710890718469322500,16.781322509765626,1.062255859375,891.8681030273438
1710890718509297700,16.821297607421876,1.088623046875,891.8654174804688
1710890718549291000,16.861291015625,0.9803466796875,891.8771362304688
1710890718589290800,16.901290771484376,0.98291015625,891.8768920898438
1710890718629298200,16.941298095703125,0.9327392578125,891.8822631835938
1710890718669308700,16.98130859375,0.837646484375,891.8925170898438
1710890718709291000,17.021291015625,0.763671875,891.9005737304688
1710890718749292800,17.061292724609373,0.716064453125,891.9057006835938
1710890718789617400,17.101617431640626,0.7557373046875,891.9013061523438
1710890718829370000,17.1413701171875,0.8428955078125,891.8917846679688
1710890718869307100,17.18130712890625,0.8798828125,891.8878784179688
1710890718909309200,17.22130908203125,0.9063720703125,891.8849487304688
1710890718949290800,17.261290771484376,0.91162109375,891.8844604492188
1710890718989294300,17.30129443359375,0.9486083984375,891.8805541992188
1710890719029299200,17.34129931640625,0.9036865234375,891.8851928710938
1710890719069290800,17.381290771484377,0.8560791015625,891.8903198242188
1710890719109290800,17.421290771484376,0.84033203125,891.8922729492188
1710890719149314300,17.461314208984376,0.8006591796875,891.8964233398438
1710890719189293000,17.50129296875,0.763671875,891.9005737304688
1710890719229297200,17.541297119140626,0.760986328125,891.9008178710938
1710890719269291000,17.581291015625,0.7425537109375,891.9027709960938
1710890719309291500,17.62129150390625,0.734619140625,891.9037475585938
1710890719349301000,17.661301025390625,0.6685791015625,891.9108276367188
1710890719389305600,17.7013056640625,0.64208984375,891.9137573242188
1710890719429291000,17.741291015625,0.523193359375,891.9264526367188
1710890719469295000,17.781295166015624,0.5390625,891.9247436523438
1710890719509292000,17.8212919921875,0.5654296875,891.9220581054688
1710890719549390300,17.861390380859376,0.5047607421875,891.9286499023438
1710890719589308700,17.90130859375,0.4095458984375,891.9389038085938
1710890719629291000,17.941291015625,0.2747802734375,891.9533081054688
1710890719669291000,17.981291015625,0.2061767578125,891.9608764648438
1710890719709300000,18.021300048828124,0.2510986328125,891.9559936523438
1710890719749309000,18.061308837890625,0.214111328125,891.9601440429688
1710890719789290800,18.101290771484376,0.12158203125,891.9699096679688
1710890719829292500,18.14129248046875,0.08984375,891.9735717773438
1710890719869292000,18.1812919921875,0.118896484375,891.9703979492188
1710890719909299000,18.221298828125,0.2933349609375,891.9515991210938
1710890719949292300,18.261292236328124,0.3382568359375,891.9464721679688
1710890719989292300,18.301292236328123,0.3963623046875,891.9403686523438
1710890720029290800,18.341290771484374,0.46240234375,891.9330444335938
1710890720069334000,18.381333984375,0.446533203125,891.9347534179688
1710890720109397800,18.421397705078125,0.446533203125,891.9347534179688
1710890720149330200,18.461330078125,0.404296875,891.9393920898438
1710890720189290800,18.501290771484374,0.3197021484375,891.9486694335938
1710890720229291000,18.541291015625,0.3382568359375,891.9467163085938
1710890720269297400,18.58129736328125,0.362060546875,891.9440307617188
1710890720309307400,18.621307373046875,0.4095458984375,891.9389038085938
1710890720349292300,18.661292236328126,0.317138671875,891.9489135742188
1710890720389291800,18.701291748046874,0.12158203125,891.9699096679688
1710890720429535000,18.741534912109376,-0.253662109375,892.0106811523438
1710890720469298000,18.7812978515625,-0.5997314453125,892.0482788085938
1710890720509290800,18.821290771484374,-1.2100830078125,892.1144409179688
1710890720549291000,18.861291015625,-1.7200927734375,892.1696166992188
1710890720589291000,18.901291015625,-2.156005859375,892.2167358398438
1710890720629299500,18.941299560546874,-2.4044189453125,892.2438354492188
1710890720669309700,18.981309814453127,-2.5101318359375,892.2550659179688
1710890720709291000,19.021291015625,-1.8046875,892.1786499023438
1710890720749292300,19.061292236328125,-1.365966796875,892.1312866210938
1710890720789279200,19.101279296875,-0.951171875,892.0863647460938
1710890720829292800,19.141292724609375,-0.5838623046875,892.0463256835938
1710890720869292300,19.181292236328126,-0.4306640625,892.0299682617188
1710890720909309200,19.22130908203125,-0.4068603515625,892.0272827148438
1710890720949292000,19.2612919921875,-0.536376953125,892.0414428710938
1710890720989309700,19.301309814453123,-0.7530517578125,892.0648803710938
1710890721029293000,19.34129296875,-0.8878173828125,892.0792846679688
1710890721069290800,19.381290771484377,-1.249755859375,892.1185913085938
1710890721109290800,19.421290771484376,-1.5245361328125,892.1483764648438
1710890721149279000,19.461279052734376,-1.9420166015625,892.1937866210938
1710890721189297700,19.501297607421876,-2.3753662109375,892.2404174804688
1710890721229592600,19.541592529296874,-3.0306396484375,892.3114624023438
1710890721269291000,19.581291015625,-3.2579345703125,892.3361206054688
1710890721309290800,19.621290771484375,-3.947509765625,892.4110717773438
1710890721349300000,19.661300048828124,-3.543212890625,892.3671264648438
1710890721389308200,19.70130810546875,-3.876220703125,892.4032592773438
1710890721429290800,19.741290771484376,-3.2076416015625,892.3307495117188
1710890721469291000,19.781291015625,-2.9381103515625,892.3014526367188
1710890721509291800,19.821291748046875,-2.438720703125,892.2474975585938
1710890721549300000,19.861300048828124,-1.6619873046875,892.1632690429688
1710890721589290800,19.901290771484376,-0.877197265625,892.0783081054688
1710890721629292500,19.94129248046875,-0.3460693359375,892.0206909179688
1710890721669290500,19.98129052734375,0.3250732421875,891.9479370117188
1710890721709429000,20.021428955078125,0.914306640625,891.8842163085938
1710890721749298400,20.06129833984375,1.6383056640625,891.8058471679688
1710890721789291000,20.101291015625,2.1851806640625,891.7465209960938
1710890721829291000,20.141291015625,2.7374267578125,891.6867065429688
1710890721869291000,20.181291015625,2.9461669921875,891.6640014648438
1710890721909302800,20.221302734375,2.8563232421875,891.6737670898438
1710890721949290800,20.261290771484376,2.5921630859375,891.7025756835938
1710890721989290800,20.301290771484375,1.99755859375,891.7667846679688
1710890722029292300,20.341292236328126,1.5008544921875,891.8204956054688
1710890722069663700,20.381663818359375,1.04638671875,891.8698120117188
1710890722109454000,20.4214541015625,0.9010009765625,891.8856811523438
1710890722149292500,20.46129248046875,0.908935546875,891.8847045898438
1710890722189291000,20.501291015625,0.9010009765625,891.8856811523438
1710890722229291000,20.541291015625,0.9222412109375,891.8834838867188
1710890722269294300,20.58129443359375,1.2735595703125,891.8451538085938
1710890722309293300,20.621293212890624,1.25244140625,891.8475952148438
1710890722349291000,20.661291015625,1.6964111328125,891.7994995117188
1710890722389290800,20.701290771484373,1.79150390625,891.7892456054688
1710890722429278700,20.74127880859375,1.8865966796875,891.7789916992188
1710890722469297700,20.781297607421877,2.3358154296875,891.7301635742188
1710890722509297000,20.821296875,2.668701171875,891.6940307617188
1710890722549290800,20.861290771484374,2.8536376953125,891.6742553710938
1710890722589291500,20.90129150390625,2.927734375,891.6659545898438
1710890722629298400,20.94129833984375,2.880126953125,891.6710815429688
1710890722669298000,20.9812978515625,3.25,891.6312866210938
1710890722709291000,21.021291015625,3.239501953125,891.6322631835938
1710890722749290800,21.061290771484376,3.3583984375,891.6193237304688
1710890722789277400,21.10127734375,3.7203369140625,891.5802612304688
1710890722829301000,21.141301025390625,3.71240234375,891.5809936523438
1710890722869308400,21.181308349609374,3.6939697265625,891.5831909179688
1710890722909290800,21.221290771484377,3.9132080078125,891.5595092773438
1710890722949290800,21.261290771484376,3.654296875,891.5873413085938
1710890722989294300,21.30129443359375,3.3504638671875,891.6203002929688
1710890723029291800,21.341291748046874,3.176025390625,891.6393432617188
1710890723069308700,21.38130859375,2.98046875,891.6603393554688
1710890723109290800,21.421290771484376,2.623779296875,891.6989135742188
1710890723149292000,21.4612919921875,1.627685546875,891.8068237304688
1710890723189292000,21.5012919921875,0.43603515625,891.9359741210938
1710890723229291000,21.541291015625,-0.45703125,892.0326538085938
1710890723269290800,21.581290771484376,-1.07275390625,892.0995483398438
1710890723309291000,21.621291015625,-1.2867431640625,892.1224975585938
1710890723349400300,21.661400390625,-1.178466796875,892.1107788085938
1710890723389630700,21.701630615234375,-0.6552734375,892.0541381835938
1710890723429292300,21.741292236328125,-0.3355712890625,892.0197143554688
1710890723469291000,21.781291015625,-0.1214599609375,891.9962768554688
1710890723509291500,21.82129150390625,-0.060791015625,891.9899291992188
1710890723549312000,21.86131201171875,-0.1427001953125,891.9987182617188
1710890723589303600,21.901303466796875,-0.37255859375,892.0236206054688
1710890723629291000,21.941291015625,-0.620849609375,892.0504760742188
1710890723669290800,21.981290771484375,-0.99609375,892.0910034179688
1710890723709602300,22.021602294921873,-1.7491455078125,892.1727905273438
1710890723749297700,22.061297607421874,-2.2537841796875,892.2274780273438
1710890723790090200,22.10209033203125,-2.65283203125,892.2706909179688
1710890723829291000,22.141291015625,-3.0438232421875,892.3129272460938
1710890723869292300,22.181292236328126,-3.5855712890625,892.3717651367188
1710890723909298700,22.221298583984375,-3.696533203125,892.3837280273438
1710890723949309000,22.261308837890624,-3.5009765625,892.3624877929688
1710890723989291000,22.301291015625,-3.215576171875,892.3317260742188
1710890724029290500,22.34129052734375,-2.829833984375,892.2899780273438
1710890724069278700,22.38127880859375,-2.0054931640625,892.2003784179688
1710890724109307600,22.4213076171875,-1.43994140625,892.1390991210938
1710890724149307600,22.4613076171875,-0.6605224609375,892.0548706054688
1710890724189290800,22.501290771484374,0.118896484375,891.9703979492188
1710890724229291500,22.54129150390625,0.943359375,891.8810424804688
1710890724269298200,22.581298095703126,1.4638671875,891.8246459960938
1710890724309292500,22.62129248046875,1.9949951171875,891.7672729492188
1710890724349290800,22.661290771484374,2.327880859375,891.7311401367188
1710890724389291000,22.701291015625,2.7083740234375,891.6898803710938
1710890724429280800,22.74128076171875,2.951416015625,891.6635131835938
1710890724469298200,22.781298095703125,2.8748779296875,891.6718139648438
1710890724509290800,22.821290771484374,2.771728515625,891.6830444335938
1710890724549292300,22.861292236328126,2.44677734375,891.7182006835938
1710890724589291000,22.901291015625,1.9791259765625,891.7687377929688
1710890724629298400,22.94129833984375,1.5775146484375,891.8124389648438
1710890724669292300,22.981292236328127,1.2947998046875,891.8429565429688
1710890724709292300,23.021292236328126,1.0067138671875,891.8742065429688
1710890724749290800,23.061290771484376,1.11767578125,891.8619995117188
1710890724789294000,23.101294189453125,1.0093994140625,891.8739624023438
1710890724829293300,23.141293212890623,0.8560791015625,891.8905639648438
1710890724869308000,23.181307861328126,0.729248046875,891.9042358398438
1710890724909291000,23.221291015625,1.1705322265625,891.8563842773438
1710890724949292300,23.261292236328124,1.4083251953125,891.8307495117188
1710890724989379800,23.3013798828125,1.775634765625,891.7909545898438
1710890725029309400,23.341309326171874,2.2882080078125,891.7352905273438
1710890725069306600,23.381306640625,2.24072265625,891.7404174804688
1710890725109290800,23.421290771484376,2.7559814453125,891.6847534179688
1710890725149292800,23.461292724609375,2.9461669921875,891.6640014648438
1710890725189296400,23.50129638671875,3.220947265625,891.6344604492188
1710890725229294000,23.541294189453126,3.33984375,891.6215209960938
1710890725269290800,23.581290771484376,3.3795166015625,891.6171264648438
1710890725309290800,23.621290771484375,3.535400390625,891.6002807617188
1710890725349637000,23.66163720703125,3.297607421875,891.6259155273438
1710890725389609000,23.70160888671875,3.2923583984375,891.6266479492188
1710890725429298200,23.741298095703126,3.3768310546875,891.6173706054688
1710890725469290800,23.781290771484375,3.39013671875,891.6161499023438
1710890725509291500,23.82129150390625,3.30029296875,891.6256713867188
1710890725549300000,23.861300048828124,3.561767578125,891.5973510742188
1710890725589292300,23.901292236328125,3.477294921875,891.6066284179688
1710890725629291000,23.941291015625,3.1971435546875,891.6369018554688
1710890725669290800,23.981290771484375,2.89599609375,891.6696166992188
1710890725709278500,24.021278564453127,2.539306640625,891.7081909179688
1710890725749308000,24.061307861328125,2.1983642578125,891.7450561523438
1710890725789307100,24.10130712890625,1.9051513671875,891.7767944335938
1710890725829290500,24.14129052734375,0.9168701171875,891.8839721679688
1710890725869291800,24.181291748046874,-0.068603515625,891.9906616210938
1710890725909302800,24.221302734375,-0.998779296875,892.0914916992188
1710890725949291800,24.261291748046876,-1.5430908203125,892.1503295898438
1710890725989292800,24.301292724609375,-1.590576171875,892.1554565429688
1710890726029292300,24.341292236328126,-1.2286376953125,892.1163940429688
1710890726069293600,24.38129345703125,-0.7001953125,892.0590209960938
1710890726109295000,24.421295166015625,-0.48876953125,892.0360717773438
1710890726149308000,24.461307861328127,-0.221923828125,892.0072631835938
1710890726189291000,24.501291015625,-0.2747802734375,892.0131225585938
1710890726229293600,24.54129345703125,-0.21923828125,892.0070190429688
1710890726269293600,24.58129345703125,-0.2958984375,892.0153198242188
1710890726309308000,24.621307861328123,-0.5574951171875,892.0436401367188
1710890726349310000,24.66131005859375,-0.8665771484375,892.0770874023438
1710890726389291000,24.701291015625,-1.0965576171875,892.1019897460938
1710890726429291800,24.741291748046876,-1.3897705078125,892.1337280273438
1710890726469293300,24.781293212890624,-1.9420166015625,892.1937866210938
1710890726509307400,24.821307373046874,-2.0953369140625,892.2101440429688
1710890726549291000,24.861291015625,-2.6871337890625,892.2743530273438
1710890726589290800,24.901290771484376,-2.7003173828125,892.2758178710938
1710890726629318100,24.941318115234374,-3.3424072265625,892.3453979492188
1710890726669589500,24.981589599609375,-3.3927001953125,892.3507690429688
1710890726709404200,25.021404052734376,-3.28955078125,892.3395385742188
1710890726749290800,25.061290771484376,-3.305419921875,892.3412475585938
1710890726789291800,25.101291748046876,-2.9249267578125,892.3002319335938
1710890726829293300,25.141293212890623,-2.4334716796875,892.2467651367188
1710890726869294300,25.18129443359375,-1.7650146484375,892.1744995117188
1710890726909290800,25.221290771484377,-0.8719482421875,892.0775756835938
1710890726949291000,25.261291015625,-0.3646240234375,892.0226440429688
1710890726989630700,25.301630615234377,-0.0950927734375,891.9935913085938
1710890727029297200,25.341297119140624,0.4703369140625,891.9323120117188
1710890727069292800,25.381292724609374,1.0543212890625,891.8690795898438
1710890727109291300,25.421291259765624,1.7862548828125,891.7897338867188
1710890727149292500,25.46129248046875,2.34375,891.7294311523438
1710890727189300200,25.50130029296875,2.79296875,891.6808471679688
1710890727229298200,25.541298095703127,2.9910888671875,891.6591186523438
1710890727269290800,25.581290771484376,3.0677490234375,891.6510620117188
1710890727309290800,25.621290771484375,2.8563232421875,891.6737670898438
1710890727349279500,25.661279541015624,2.4520263671875,891.7174682617188
1710890727389299000,25.701298828125,1.8865966796875,891.7787475585938
1710890727429308000,25.741307861328124,1.5775146484375,891.8124389648438
1710890727469292000,25.7812919921875,1.1890869140625,891.8544311523438
1710890727509291000,25.821291015625,1.07275390625,891.8671264648438
1710890727549299000,25.861298828125,1.1282958984375,891.8610229492188
1710890727589292300,25.901292236328125,1.13623046875,891.8600463867188
1710890727629291000,25.941291015625,0.7425537109375,891.9027709960938
1710890727669290800,25.981290771484375,1.1414794921875,891.8595581054688
1710890727709280300,26.0212802734375,1.759765625,891.7926635742188
1710890727749301000,26.061301025390627,1.9605712890625,891.7706909179688
1710890727789308400,26.101308349609376,2.2935791015625,891.7348022460938
1710890727829291000,26.141291015625,2.9541015625,891.6632690429688
1710890727869298000,26.1812978515625,3.1575927734375,891.6412963867188
1710890727909298200,26.221298095703126,2.8853759765625,891.6705932617188
1710890727949293300,26.261293212890624,3.189208984375,891.6378784179688
1710890727989277700,26.301277587890624,3.535400390625,891.6002807617188
1710890728029290800,26.341290771484374,3.95556640625,891.5548706054688
1710890728069291800,26.381291748046873,3.7203369140625,891.5802612304688
1710890728109301800,26.4213017578125,3.760009765625,891.5758666992188
1710890728149308200,26.46130810546875,3.638427734375,891.5890502929688
1710890728189292300,26.501292236328126,3.5565185546875,891.5980834960938
1710890728229291000,26.541291015625,3.6781005859375,891.5848999023438
1710890728269297400,26.58129736328125,3.612060546875,891.5919799804688
1710890728309392600,26.621392578125,3.6304931640625,891.5900268554688
1710890728349291000,26.661291015625,3.477294921875,891.6066284179688
1710890728389291000,26.701291015625,3.189208984375,891.6376342773438
1710890728429291500,26.74129150390625,2.9884033203125,891.6593627929688
1710890728469300200,26.78130029296875,2.5155029296875,891.7108764648438
1710890728509293000,26.82129296875,2.2486572265625,891.7396850585938
1710890728549277700,26.861277587890626,1.72021484375,891.7968139648438
1710890728589291000,26.901291015625,0.64208984375,891.9137573242188
1710890728629695500,26.941695556640624,-0.3487548828125,892.0209350585938
1710890728669574400,26.981574462890624,-1.2999267578125,892.1239624023438
1710890728709308700,27.02130859375,-1.788818359375,892.1769409179688
1710890728749291000,27.061291015625,-1.828369140625,892.1813354492188
1710890728789291800,27.101291748046876,-1.0938720703125,892.1017456054688
1710890728829308700,27.14130859375,-0.7186279296875,892.0609741210938
1710890728869290800,27.181290771484374,-0.1373291015625,891.9982299804688
1710890728909292300,27.221292236328125,0.240478515625,891.9572143554688
1710890728949291000,27.261291015625,0.14794921875,891.9672241210938
1710890728989278700,27.30127880859375,0.163818359375,891.9655151367188
1710890729029297400,27.34129736328125,-0.055419921875,891.9891967773438
1710890729069283300,27.381283447265623,-0.433349609375,892.0302124023438
1710890729109283300,27.421283447265626,-0.7371826171875,892.0631713867188
1710890729149286400,27.461286376953126,-1.1070556640625,892.1032104492188
1710890729189294600,27.501294677734375,-1.4029541015625,892.1351928710938
1710890729229288700,27.541288818359376,-2.0953369140625,892.2101440429688
1710890729269284900,27.581284912109375,-2.1375732421875,892.2147827148438
1710890729309284900,27.621284912109374,-2.5233154296875,892.2565307617188
1710890729349625000,27.661625,-2.6766357421875,892.2733764648438
1710890729389731600,27.701731689453126,-2.887939453125,892.2960815429688
1710890729429286100,27.7412861328125,-3.0465087890625,892.3134155273438
1710890729469283300,27.781283447265626,-3.099365234375,892.3190307617188
1710890729509289200,27.821289306640626,-3.1971435546875,892.3295288085938
1710890729549295000,27.861295166015626,-2.8826904296875,892.2955932617188
1710890729589287700,27.90128759765625,-2.8641357421875,892.2933959960938
1710890729629283600,27.94128369140625,-2.5260009765625,892.2570190429688
1710890729669284900,27.981284912109373,-2.49951171875,892.2540893554688
1710890729709276200,28.021276123046874,-1.5985107421875,892.1564331054688
1710890729749369300,28.061369384765626,-1.159912109375,892.1088256835938
1710890729789283300,28.101283447265626,-0.8402099609375,892.0741577148438
1710890729829283600,28.14128369140625,-0.3302001953125,892.0189819335938
1710890729869283600,28.18128369140625,-0.132080078125,891.9974975585938
1710890729909294600,28.221294677734374,0.1322021484375,891.9689331054688
1710890729949304800,28.261304931640623,0.3963623046875,891.9403686523438
1710890729989283600,28.30128369140625,0.75048828125,891.9017944335938
1710890730029283300,28.341283447265624,1.0833740234375,891.8659057617188
1710890730069292000,28.3812919921875,1.34765625,891.8373413085938
1710890730109300500,28.421300537109374,1.5484619140625,891.8153686523438
1710890730149283600,28.46128369140625,1.9605712890625,891.7709350585938
1710890730189284900,28.501284912109377,2.3701171875,891.7265014648438
1710890730229283600,28.54128369140625,2.748046875,891.6854858398438
1710890730269678800,28.581678955078125,3.16015625,891.6408081054688
1710890730309297400,28.62129736328125,3.4033203125,891.6146850585938
1710890730349379600,28.661379638671875,3.252685546875,891.6307983398438
1710890730389290800,28.701290771484373,2.9197998046875,891.6669311523438
1710890730429291500,28.74129150390625,2.2618408203125,891.7382202148438
1710890730469294600,28.781294677734376,2.045166015625,891.7616577148438
1710890730509292800,28.821292724609375,1.6038818359375,891.8095092773438
1710890730549291000,28.861291015625,1.3819580078125,891.8334350585938
1710890730589290800,28.901290771484376,1.07275390625,891.8671264648438
1710890730629279700,28.94127978515625,1.0093994140625,891.8739624023438
1710890730669298400,28.98129833984375,0.55224609375,891.9235229492188
1710890730709292800,29.021292724609374,0.79541015625,891.8971557617188
1710890730749291000,29.061291015625,0.864013671875,891.8895874023438
1710890730789291800,29.101291748046876,1.3502197265625,891.8368530273438
1710890730829303800,29.1413037109375,1.70166015625,891.7987670898438
1710890730869293600,29.18129345703125,2.2908935546875,891.7350463867188
1710890730909291000,29.221291015625,2.8536376953125,891.6740112304688
1710890730949291000,29.261291015625,3.1258544921875,891.6447143554688
1710890730989290800,29.301290771484375,3.5592041015625,891.5978393554688
1710890731029306000,29.34130615234375,3.8973388671875,891.5609741210938
1710890731069307600,29.3813076171875,3.8446044921875,891.5668334960938
1710890731109290500,29.42129052734375,4.164306640625,891.5321655273438
1710890731149293800,29.4612939453125,4.3306884765625,891.5140991210938
1710890731189302300,29.50130224609375,4.0638427734375,891.5431518554688
1710890731229292800,29.541292724609374,4.0506591796875,891.5443725585938
1710890731269294600,29.581294677734373,3.8128662109375,891.5702514648438
1710890731309291000,29.621291015625,3.7255859375,891.5795288085938
1710890731349291800,29.661291748046875,3.7969970703125,891.5719604492188
1710890731389297000,29.701296875,3.638427734375,891.5890502929688
1710890731429290800,29.741290771484376,3.28173828125,891.6278686523438
1710890731469290800,29.781290771484375,3.2685546875,891.6293334960938
1710890731509292000,29.8212919921875,3.4217529296875,891.6127319335938
1710890731549383200,29.861383056640626,3.279052734375,891.6281127929688
1710890731589304800,29.901304931640624,2.9884033203125,891.6596069335938
1710890731629291000,29.941291015625,2.6820068359375,891.6928100585938
1710890731669290800,29.981290771484375,2.3172607421875,891.7321166992188
1710890731709291800,30.021291748046874,1.807373046875,891.7872924804688
1710890731749307600,30.0613076171875,1.3397216796875,891.8380737304688
1710890731789291000,30.101291015625,0.626220703125,891.9154663085938
1710890731829290800,30.141290771484375,-0.441162109375,892.0309448242188
1710890731869298200,30.181298095703124,-1.685791015625,892.1657104492188
1710890731909408500,30.221408447265624,-2.6263427734375,892.2677612304688
1710890731949304800,30.261304931640623,-2.7928466796875,892.2858276367188
1710890731989292000,30.3012919921875,-2.1085205078125,892.2116088867188
1710890732029290800,30.341290771484374,-1.231201171875,892.1166381835938
1710890732069291300,30.381291259765625,-0.575927734375,892.0455932617188
1710890732109307400,30.421307373046876,-0.2008056640625,892.0050659179688
1710890732149292000,30.4612919921875,0.1771240234375,891.9640502929688
1710890732189290800,30.501290771484374,0.124267578125,891.9696655273438
1710890732229294300,30.54129443359375,0.0660400390625,891.9760131835938
1710890732269571000,30.581571044921876,-0.2720947265625,892.0126342773438
1710890732309339600,30.621339599609374,-0.639404296875,892.0524291992188
1710890732349307000,30.661306884765626,-0.9908447265625,892.0905151367188
1710890732389291000,30.701291015625,-1.35546875,892.1300659179688
1710890732429290800,30.741290771484376,-1.7332763671875,892.1710815429688
1710890732469621000,30.78162109375,-1.8839111328125,892.1874389648438
1710890732509292500,30.82129248046875,-2.245849609375,892.2265014648438
1710890732549309400,30.861309326171874,-2.3753662109375,892.2406616210938
1710890732589291000,30.901291015625,-3.0068359375,892.3090209960938
1710890732629299500,30.941299560546874,-2.5682373046875,892.2614135742188
1710890732669344500,30.981344482421875,-2.9276123046875,892.3004760742188
1710890732709292000,31.0212919921875,-2.92236328125,892.2997436523438
1710890732749291300,31.061291259765625,-2.7479248046875,892.2809448242188
1710890732789292300,31.101292236328124,-2.668701171875,892.2723999023438
1710890732829835000,31.1418349609375,-2.4493408203125,892.2484741210938
1710890732869282600,31.181282470703124,-2.3753662109375,892.2406616210938
1710890732909289500,31.22128955078125,-1.9869384765625,892.1984252929688
1710890732949292300,31.261292236328124,-1.5615234375,892.1525268554688
1710890732989292500,31.30129248046875,-1.1837158203125,892.1115112304688
1710890733029278200,31.3412783203125,-0.9141845703125,892.0822143554688
1710890733069297000,31.381296875,-0.594482421875,892.0475463867188
1710890733109166800,31.421166748046875,-0.3065185546875,892.0162963867188
1710890733149291500,31.46129150390625,-0.1082763671875,891.9950561523438
1710890733190012700,31.5020126953125,0.0369873046875,891.9791870117188
1710890733229278500,31.541278564453126,0.14794921875,891.9672241210938
1710890733269308400,31.581308349609376,0.2615966796875,891.9547729492188
1710890733309316900,31.62131689453125,0.393798828125,891.9406127929688
1710890733349291800,31.661291748046875,0.6077880859375,891.9174194335938
1710890733389351000,31.701350830078123,0.7108154296875,891.9061889648438
1710890733429313000,31.74131298828125,0.747802734375,891.9022827148438
1710890733469535700,31.78153564453125,0.9644775390625,891.8786010742188
1710890733509292300,31.821292236328127,1.075439453125,891.8666381835938
1710890733550386200,31.86238623046875,1.1995849609375,891.8532104492188
1710890733589300200,31.90130029296875,1.2789306640625,891.8446655273438
1710890733629293000,31.94129296875,1.344970703125,891.8375854492188
1710890733669324300,31.98132421875,1.4268798828125,891.8285522460938
1710890733709292000,32.0212919921875,1.4876708984375,891.8219604492188
1710890733749423000,32.06142309570313,1.7069091796875,891.7982788085938
1710890733789293000,32.10129296875,1.923583984375,891.7748413085938
1710890733829308400,32.141308349609375,1.9473876953125,891.7723999023438
1710890733869290800,32.18129077148438,2.07421875,891.7584838867188
1710890733909278500,32.22127856445312,2.3251953125,891.7313842773438
1710890733949300700,32.26130078125,2.3939208984375,891.7238159179688
1710890733989292300,32.30129223632812,2.5498046875,891.7069702148438
1710890734029317400,32.3413173828125,2.7506103515625,891.6852416992188
1710890734069291500,32.38129150390625,3.1099853515625,891.6464233398438
1710890734109763300,32.421763427734376,3.05712890625,891.6520385742188
1710890734149295600,32.461295654296876,2.85107421875,891.6744995117188
1710890734189292300,32.501292236328126,2.5445556640625,891.7074584960938
1710890734229290800,32.54129077148438,2.10595703125,891.7550659179688
1710890734269300200,32.58130029296875,1.4638671875,891.8246459960938
1710890734309295000,32.62129516601563,0.943359375,891.8810424804688
1710890734349292800,32.661292724609375,0.55224609375,891.9232788085938
1710890734389291000,32.701291015625,0.1771240234375,891.9640502929688
1710890734429291000,32.741291015625,0.0528564453125,891.9774780273438
1710890734469763300,32.781763427734376,-0.1268310546875,891.9970092773438
1710890734509300500,32.82130053710937,0.259033203125,891.9550170898438
1710890734549320000,32.86131982421875,0.6077880859375,891.9174194335938
1710890734589290800,32.901290771484376,1.492919921875,891.8214721679688
1710890734629291500,32.94129150390625,2.2802734375,891.7362670898438
1710890734669292300,32.98129223632812,2.9488525390625,891.6637573242188
1710890734709297400,33.02129736328125,3.6649169921875,891.5861206054688
1710890734749292500,33.06129248046875,4.2884521484375,891.5187377929688
1710890734789290500,33.10129052734375,4.5447998046875,891.4909057617188
1710890734829994200,33.141994140625,4.830078125,891.4601440429688
1710890734869298400,33.18129833984375,5.2686767578125,891.4125366210938
1710890734909293600,33.22129345703125,5.4696044921875,891.3908081054688
1710890734950276000,33.262276123046874,5.7945556640625,891.3556518554688
1710890734989291500,33.30129150390625,5.892333984375,891.3451538085938
1710890735029335300,33.341335205078124,5.860595703125,891.3485717773438
1710890735069537000,33.381537109375,5.7047119140625,891.3654174804688
1710890735109293000,33.42129296875,5.519775390625,891.3854370117188
1710890735149291000,33.461291015625,5.32421875,891.4066772460938
1710890735189330200,33.501330078125,4.954345703125,891.4467163085938
1710890735229308000,33.54130786132812,4.563232421875,891.4889526367188
1710890735269298000,33.5812978515625,4.2197265625,891.5260620117188
1710890735309297000,33.621296875,3.86572265625,891.5643920898438
1710890735349291800,33.66129174804688,3.490478515625,891.6051635742188
1710890735389563000,33.70156298828125,3.025390625,891.6554565429688
1710890735429295600,33.74129565429688,2.7110595703125,891.6896362304688
1710890735469300700,33.78130078125,2.5048828125,891.7118530273438
1710890735509293600,33.82129345703125,2.4996337890625,891.7125854492188
1710890735549279500,33.86127954101563,2.4388427734375,891.7191772460938
1710890735589300500,33.90130053710938,2.42041015625,891.7211303710938
1710890735629306000,33.94130615234375,2.22216796875,891.7426147460938
1710890735669288000,33.98128784179688,1.794189453125,891.7887573242188
1710890735709291500,34.02129150390625,1.7677001953125,891.7916870117188
1710890735749291800,34.06129174804688,1.849609375,891.7828979492188
1710890735789293000,34.10129296875,1.669921875,891.8024291992188
1710890735829296000,34.14129614257813,1.3634033203125,891.8353881835938
1710890735869300000,34.18130004882813,0.959228515625,891.8793334960938
1710890735909290800,34.22129077148438,0.6473388671875,891.9130249023438
1710890735949300700,34.26130078125,0.3065185546875,891.9501342773438
1710890735989292000,34.3012919921875,-0.0765380859375,891.9916381835938
1710890736029292000,34.3412919921875,-0.5865478515625,892.0468139648438
1710890736069292500,34.38129248046875,-1.0040283203125,892.0919799804688
1710890736109292300,34.42129223632813,-1.3157958984375,892.1256713867188
1710890736149302300,34.46130224609375,-1.36865234375,892.1315307617188
1710890736189407000,34.50140698242188,-1.1942138671875,892.1124877929688
1710890736229291000,34.541291015625,-1.070068359375,892.0990600585938
1710890736269291000,34.581291015625,-0.908935546875,892.0817260742188
1710890736309305600,34.6213056640625,-0.6156005859375,892.0499877929688
1710890736349297700,34.66129760742187,-0.266845703125,892.0121459960938
1710890736389317000,34.701317138671875,0.16650390625,891.9652709960938
1710890736429324300,34.74132421875,0.61572265625,891.9164428710938
1710890736469301200,34.78130126953125,1.1097412109375,891.8629760742188
1710890736509297200,34.821297119140624,1.47705078125,891.8231811523438
1710890736549291000,34.861291015625,1.79150390625,891.7892456054688
1710890736589290800,34.901290771484376,2.0531005859375,891.7609252929688
1710890736629292000,34.9412919921875,1.9659423828125,891.7702026367188
1710890736669303600,34.981303466796874,1.717529296875,891.7970581054688
1710890736709300200,35.02130029296875,1.326416015625,891.8395385742188
1710890736749318100,35.06131811523438,1.2603759765625,891.8466186523438
1710890736789290500,35.10129052734375,1.25244140625,891.8475952148438
1710890736829292000,35.1412919921875,1.27099609375,891.8453979492188
1710890736869301800,35.1813017578125,0.9644775390625,891.8788452148438
1710890736909279000,35.221279052734374,0.5601806640625,891.9225463867188
1710890736949292800,35.261292724609376,0.208740234375,891.9606323242188
1710890736989292300,35.30129223632812,-0.118896484375,891.9960327148438
1710890737029811000,35.34181103515625,-0.338134765625,892.0199584960938
1710890737069298000,35.3812978515625,-0.63671875,892.0521850585938
1710890737109307100,35.42130712890625,-0.8719482421875,892.0778198242188
1710890737149298200,35.46129809570313,-1.0330810546875,892.0951538085938
1710890737189291300,35.50129125976562,-1.16259765625,892.1090698242188
1710890737229294800,35.541294921875,-0.9114990234375,892.0819702148438
1710890737269317600,35.58131762695312,-0.4755859375,892.0346069335938
1710890737309291000,35.621291015625,-0.3328857421875,892.0192260742188
1710890737349292000,35.6612919921875,-0.3197021484375,892.0177612304688
1710890737389589000,35.701589111328126,-0.1981201171875,892.0045776367188
1710890737429293000,35.74129296875,0.00537109375,891.9826049804688
1710890737469312500,35.7813125,0.044921875,891.9784545898438
1710890737509291000,35.821291015625,-0.068603515625,891.9906616210938
1710890737549290800,35.86129077148438,-0.1268310546875,891.9970092773438
1710890737589305000,35.90130517578125,-0.134765625,891.9977416992188
1710890737629321500,35.94132153320312,-0.158447265625,892.0004272460938
1710890737669320200,35.9813203125,0.0133056640625,891.9816284179688
1710890737709292300,36.02129223632812,0.105712890625,891.9716186523438
1710890737749290800,36.06129077148437,0.18505859375,891.9633178710938
1710890737789301000,36.101301025390626,0.259033203125,891.9550170898438
1710890737829295600,36.141295654296876,0.406982421875,891.9391479492188
1710890737869290800,36.18129077148438,0.59716796875,891.9186401367188
1710890737909291300,36.22129125976563,0.7425537109375,891.9027709960938
1710890737949313000,36.26131298828125,0.8349609375,891.8927612304688
1710890737989292800,36.301292724609375,0.9617919921875,891.8790893554688
1710890738029317400,36.3413173828125,1.07275390625,891.8668823242188
1710890738069290800,36.38129077148437,1.1044921875,891.8637084960938
1710890738109290800,36.42129077148437,0.9935302734375,891.8756713867188
1710890738149302800,36.461302734375,0.8033447265625,891.8961791992188
1710890738189769200,36.501769287109376,0.689697265625,891.9086303710938
1710890738229323000,36.54132299804687,0.6341552734375,891.9144897460938
1710890738269291000,36.581291015625,0.5311279296875,891.9257202148438
1710890738309331000,36.6213310546875,0.61572265625,891.9164428710938
1710890738349299500,36.66129956054687,0.77685546875,891.8991088867188
1710890738390075400,36.702075439453125,0.7425537109375,891.9027709960938
1710890738429334000,36.741333984375,0.673828125,891.9103393554688
1710890738469291000,36.781291015625,0.4598388671875,891.9335327148438
1710890738509301500,36.82130151367188,0.3804931640625,891.9418334960938
1710890738549317600,36.861317626953124,0.4149169921875,891.9381713867188
1710890738589293300,36.90129321289062,0.2880859375,891.9520874023438
1710890738629290800,36.941290771484375,0.105712890625,891.9716186523438
1710890738669409500,36.981409423828126,-0.073974609375,891.9911499023438
1710890738709302000,37.021302001953124,-0.4254150390625,892.0292358398438
1710890738749306400,37.061306396484376,-0.414794921875,892.0282592773438
1710890738789292300,37.10129223632813,-0.1849365234375,892.0033569335938
1710890738829291500,37.14129150390625,-0.1373291015625,891.9979858398438
1710890738869296000,37.18129614257813,-0.023681640625,891.9857788085938
1710890738909323300,37.2213232421875,0.0714111328125,891.9755249023438
1710890738949318700,37.261318603515626,0.105712890625,891.9716186523438
1710890738989290800,37.301290771484375,0.1453857421875,891.9674682617188
1710890739029532700,37.34153271484375,0.1453857421875,891.9674682617188
1710890739069292300,37.38129223632812,0.0582275390625,891.9769897460938
1710890739109317000,37.421317138671874,0.0079345703125,891.9823608398438
1710890739149290800,37.46129077148437,-0.0528564453125,891.9889526367188
1710890739189292300,37.501292236328126,0.034423828125,891.9794311523438
1710890739229302500,37.54130249023437,0.0238037109375,891.9806518554688
1710890739269322800,37.58132275390625,-0.044921875,891.9879760742188
1710890739309319700,37.62131958007812,-0.17431640625,892.0021362304688
1710890739349291000,37.661291015625,-0.5443115234375,892.0421752929688
1710890739389290800,37.70129077148437,-0.665771484375,892.0553588867188
1710890739429293600,37.74129345703125,-0.383056640625,892.0245971679688
1710890739469533000,37.78153295898438,-0.1162109375,891.9957885742188
1710890739509320200,37.8213203125,1.1441650390625,891.8593139648438
1710890739549291000,37.861291015625,2.2459716796875,891.7399291992188
1710890739589300700,37.90130078125,2.6053466796875,891.7008666992188
1710890739629291000,37.941291015625,2.533935546875,891.7086791992188
1710890739669292300,37.98129223632812,2.658203125,891.6952514648438
1710890739709291000,38.021291015625,2.8458251953125,891.6749877929688
1710890739749290800,38.06129077148437,3.3028564453125,891.6254272460938
1710890739789301000,38.101301025390626,4.16162109375,891.5324096679688
1710890739829291000,38.141291015625,5.22119140625,891.4176635742188
1710890739869291000,38.181291015625,5.3902587890625,891.3993530273438
1710890739909291000,38.221291015625,5.263427734375,891.4132690429688
1710890739949321000,38.26132104492188,4.9384765625,891.4484252929688
1710890739989299200,38.30129931640625,4.3306884765625,891.5140991210938
1710890740029301800,38.3413017578125,3.50634765625,891.6034545898438
1710890740069290800,38.38129077148437,2.7294921875,891.6876831054688
1710890740109291500,38.42129150390625,2.076904296875,891.7582397460938
1710890740149304800,38.461304931640626,1.6964111328125,891.7994995117188
1710890740189321000,38.50132104492187,1.4691162109375,891.8241577148438
1710890740229324000,38.54132397460938,1.18115234375,891.8551635742188
1710890740269291000,38.581291015625,0.985595703125,891.8764038085938
1710890740309436000,38.62143579101563,0.644775390625,891.9132690429688
1710890740349307100,38.66130712890625,0.5179443359375,891.9271850585938
1710890740389296600,38.701296630859375,0.6790771484375,891.9096069335938
1710890740429291000,38.741291015625,1.017333984375,891.8729858398438
1710890740469292000,38.7812919921875,1.466552734375,891.8244018554688
1710890740509301000,38.821301025390625,2.0345458984375,891.7628784179688
1710890740549278000,38.86127783203125,2.78759765625,891.6813354492188
1710890740589290800,38.901290771484376,3.5909423828125,891.5941772460938
1710890740629293600,38.94129345703125,4.0533447265625,891.5441284179688
1710890740669288400,38.98128833007812,4.177490234375,891.5307006835938
1710890740709291800,39.02129174804688,4.0057373046875,891.5492553710938
1710890740749293000,39.06129296875,3.7652587890625,891.5753784179688
1710890740789291800,39.101291748046876,3.0201416015625,891.6561889648438
1710890740829292500,39.14129248046875,1.698974609375,891.7992553710938
1710890740869296400,39.18129638671875,0.7979736328125,891.8966674804688
1710890740909292800,39.22129272460938,0.12158203125,891.9701538085938
1710890740949290800,39.261290771484376,-0.639404296875,892.0524291992188
1710890740989290800,39.301290771484375,-0.7371826171875,892.0629272460938
1710890741029295900,39.3412958984375,0.060791015625,891.9767456054688
1710890741069301000,39.38130102539063,0.9644775390625,891.8786010742188
1710890741109333800,39.421333740234374,1.6910400390625,891.7999877929688
1710890741149308400,39.461308349609375,2.0399169921875,891.7623901367188
1710890741189291000,39.501291015625,2.0240478515625,891.7638549804688
1710890741229300200,39.54130029296875,2.0635986328125,891.7597045898438
1710890741269292000,39.5812919921875,1.5986328125,891.8099975585938
1710890741309301200,39.62130126953125,1.5537109375,891.8148803710938
1710890741349292300,39.66129223632812,1.7703857421875,891.7914428710938
1710890741390282500,39.702282470703125,2.1904296875,891.7460327148438
1710890741429310700,39.74131079101563,2.3067626953125,891.7333374023438
1710890741469318700,39.78131860351562,2.269775390625,891.7372436523438
1710890741509292500,39.82129248046875,1.8760986328125,891.7799682617188
1710890741549291000,39.861291015625,1.3792724609375,891.8339233398438
1710890741589340400,39.90134033203125,1.02783203125,891.8717651367188
1710890741629300700,39.94130078125,0.7530517578125,891.9015502929688
1710890741669293800,39.9812939453125,0.4862060546875,891.9306030273438
1710890741709291000,40.021291015625,0.2774658203125,891.9530639648438
1710890741749341700,40.061341796875,0.1453857421875,891.9674682617188
1710890741789302300,40.10130224609375,-0.12939453125,891.9972534179688
1710890741829319400,40.1413193359375,-0.1109619140625,891.9953002929688
1710890741869298700,40.18129858398437,-0.060791015625,891.9899291992188
1710890741909291800,40.22129174804687,-0.21923828125,892.0070190429688
1710890741949355000,40.26135498046875,-0.742431640625,892.0636596679688
1710890741989292500,40.30129248046875,-0.6341552734375,892.0519409179688
1710890742029291000,40.341291015625,-0.1400146484375,891.9984741210938
1710890742069291000,40.381291015625,0.6922607421875,891.9081420898438
1710890742109285400,40.42128540039062,1.3740234375,891.8344116210938
1710890742149303000,40.461302978515626,1.609130859375,891.8087768554688
1710890742189317600,40.501317626953124,1.762451171875,891.7924194335938
1710890742229291000,40.541291015625,1.4110107421875,891.8302612304688
1710890742269290800,40.581290771484376,1.1151123046875,891.8624877929688
1710890742309593900,40.62159375,0.8270263671875,891.8937377929688
1710890742349300700,40.66130078125,0.6949462890625,891.9078979492188
1710890742389305900,40.701305908203125,0.689697265625,891.9083862304688
1710890742429293000,40.74129296875,0.8428955078125,891.8920288085938
1710890742469291300,40.781291259765624,0.7900390625,891.8976440429688
1710890742509300500,40.82130053710937,0.7001953125,891.9074096679688
1710890742549297000,40.861296875,0.5946044921875,891.9188842773438
1710890742589293600,40.90129345703125,0.5919189453125,891.9191284179688
1710890742629291000,40.941291015625,0.581298828125,891.9203491210938
1710890742669915100,40.9819150390625,0.6025390625,891.9179077148438
1710890742709295400,41.02129541015625,0.75048828125,891.9020385742188
1710890742749509400,41.06150927734375,0.7900390625,891.8976440429688
1710890742789317000,41.101317138671874,0.05029296875,891.9777221679688
1710890742829291000,41.141291015625,0.0845947265625,891.9740600585938
1710890742869292000,41.1812919921875,0.5576171875,891.9227905273438
1710890742909317000,41.22131713867188,0.716064453125,891.9057006835938
1710890742949290800,41.261290771484376,0.3065185546875,891.9501342773438
1710890742989290800,41.301290771484375,0.5601806640625,891.9225463867188
1710890743029624000,41.3416240234375,0.66064453125,891.9115600585938
1710890743069297700,41.38129760742188,0.671142578125,891.9105834960938
1710890743109293300,41.421293212890625,0.134765625,891.9686889648438
1710890743149318000,41.46131787109375,0.3963623046875,891.9403686523438
1710890743189290800,41.50129077148438,0.70556640625,891.9066772460938
1710890743229300500,41.54130053710937,0.8270263671875,891.8937377929688
1710890743269439500,41.581439453125,0.8270263671875,891.8937377929688
1710890743309292800,41.621292724609376,0.8297119140625,891.8934936523438
1710890743349294600,41.661294677734375,0.8297119140625,891.8934936523438
1710890743389298200,41.70129809570312,0.716064453125,891.9057006835938
1710890743429290800,41.74129077148437,0.6527099609375,891.9125366210938
1710890743469290200,41.78129028320313,0.4757080078125,891.9315795898438
1710890743509292300,41.82129223632813,0.3990478515625,891.9398803710938
1710890743549290500,41.86129052734375,0.4281005859375,891.9369506835938
1710890743589292800,41.90129272460938,0.4862060546875,891.9306030273438
1710890743629291500,41.94129150390625,0.4835205078125,891.9308471679688
1710890743669292000,41.9812919921875,0.2061767578125,891.9608764648438
1710890743709316900,42.02131689453125,-0.1268310546875,891.9970092773438
1710890743749291800,42.06129174804688,-0.446533203125,892.0316772460938
1710890743789290500,42.10129052734375,-0.5230712890625,892.0399780273438
1710890743829295000,42.141295166015624,-0.5601806640625,892.0438842773438
1710890743869293000,42.18129296875,-0.6129150390625,892.0497436523438
1710890743909294300,42.22129443359375,-0.6024169921875,892.0485229492188
1710890743949290800,42.261290771484376,-0.491455078125,892.0365600585938
1710890743989292300,42.30129223632812,-0.433349609375,892.0302124023438
1710890744029296000,42.34129614257812,-0.414794921875,892.0280151367188
1710890744069299700,42.3812998046875,-0.4808349609375,892.0353393554688
1710890744109290500,42.42129052734375,-0.5125732421875,892.0387573242188
1710890744149292500,42.46129248046875,-0.4755859375,892.0348510742188
1710890744189291300,42.50129125976562,-0.5125732421875,892.0387573242188
1710890744229305300,42.541305419921876,-0.4993896484375,892.0372924804688
1710890744269290800,42.581290771484376,-0.3963623046875,892.0260620117188
1710890744309292500,42.62129248046875,-0.248291015625,892.0101928710938
1710890744349290500,42.66129052734375,-0.1082763671875,891.9950561523438
1710890744389291800,42.70129174804688,-0.08984375,891.9928588867188
1710890744429293000,42.74129296875,0.0582275390625,891.9769897460938
1710890744469292300,42.78129223632813,0.03173828125,891.9796752929688
1710890744509290200,42.821290283203126,0.0238037109375,891.9806518554688
1710890744549292300,42.861292236328126,0.1109619140625,891.9711303710938
1710890744589293000,42.90129296875,0.1533203125,891.9664916992188
1710890744629291500,42.94129150390625,0.1136474609375,891.9708862304688
1710890744669290500,42.98129052734375,0.0819091796875,891.9743041992188
1710890744709292500,43.02129248046875,0.1533203125,891.9667358398438
1710890744749292300,43.06129223632813,0.2008056640625,891.9613647460938
1710890744789292000,43.1012919921875,0.2166748046875,891.9596557617188
1710890744829290500,43.14129052734375,0.420166015625,891.9376831054688
1710890744869291800,43.181291748046874,0.4281005859375,891.9367065429688
1710890744909290500,43.22129052734375,0.3699951171875,891.9430541992188
1710890744949298200,43.261298095703125,0.343505859375,891.9459838867188
1710890744989316900,43.30131689453125,0.317138671875,891.9489135742188
1710890745029300700,43.34130078125,0.3382568359375,891.9464721679688
1710890745069290500,43.38129052734375,0.3223876953125,891.9481811523438
1710890745109292300,43.42129223632813,0.2933349609375,891.9513549804688
1710890745149297700,43.461297607421876,0.1982421875,891.9618530273438
1710890745189295600,43.501295654296875,0.227294921875,891.9584350585938
1710890745229290500,43.54129052734375,0.118896484375,891.9703979492188
1710890745269292500,43.58129248046875,-0.0819091796875,891.9921264648438
1710890745309393700,43.6213935546875,-0.1505126953125,891.9994506835938
1710890745349292500,43.66129248046875,-0.1373291015625,891.9982299804688
1710890745389290500,43.70129052734375,-0.1558837890625,892.0001831054688
1710890745429292800,43.74129272460937,-0.0501708984375,891.9887084960938
1710890745469291800,43.781291748046876,0.0211181640625,891.9808959960938
1710890745509293000,43.82129296875,0.03173828125,891.9799194335938
1710890745549290500,43.86129052734375,0.137451171875,891.9684448242188
1710890745589296000,43.901296142578126,0.2008056640625,891.9616088867188
1710890745629290500,43.94129052734375,0.214111328125,891.9601440429688
1710890745669292000,43.9812919921875,0.2615966796875,891.9547729492188
1710890745709297400,44.02129736328125,0.2431640625,891.9569702148438
1710890745749292300,44.06129223632813,0.3197021484375,891.9486694335938
1710890745789290500,44.10129052734375,0.343505859375,891.9459838867188
1710890745829293300,44.14129321289062,0.2642822265625,891.9545288085938
1710890745869295900,44.1812958984375,-0.4940185546875,892.0368041992188
1710890745909291800,44.22129174804687,-1.146728515625,892.1076049804688
1710890745949292300,44.261292236328124,-1.5694580078125,892.1532592773438
1710890745989295900,44.3012958984375,-1.7623291015625,892.1742553710938
1710890746029291000,44.341291015625,-1.783447265625,892.1764526367188
1710890746069295900,44.3812958984375,-1.6513671875,892.1620483398438
1710890746109290200,44.42129028320313,-1.5853271484375,892.1549682617188
1710890746149297400,44.46129736328125,-1.6275634765625,892.1596069335938
1710890746189290200,44.501290283203126,-1.640869140625,892.1610717773438
1710890746229292800,44.54129272460938,-1.6116943359375,892.1578979492188
1710890746269292500,44.58129248046875,-1.698974609375,892.1671752929688
1710890746309292800,44.621292724609376,-1.6566162109375,892.1627807617188
1710890746349290500,44.66129052734375,-1.5377197265625,892.1498413085938
1710890746389291300,44.701291259765625,-0.99609375,892.0910034179688
1710890746429317600,44.741317626953126,0.2457275390625,891.9564819335938
1710890746469300700,44.78130078125,1.2022705078125,891.8529663085938
1710890746509290500,44.82129052734375,1.625,891.8073120117188
1710890746549292000,44.8612919921875,1.849609375,891.7828979492188
1710890746589293800,44.9012939453125,1.7862548828125,891.7897338867188
1710890746629290800,44.941290771484375,1.7386474609375,891.7948608398438
1710890746669290500,44.98129052734375,1.6964111328125,891.7994995117188
1710890746709290200,45.02129028320312,1.582763671875,891.8117065429688
1710890746749291300,45.061291259765625,1.331787109375,891.8390502929688
1710890746789291000,45.101291015625,1.09130859375,891.8649291992188
1710890746829290800,45.14129077148438,0.79541015625,891.8969116210938
1710890746869292800,45.18129272460938,0.734619140625,891.9037475585938
1710890746909290500,45.22129052734375,0.7239990234375,891.9047241210938
1710890746949292800,45.261292724609376,0.6817626953125,891.9093627929688
1710890746989298000,45.3012978515625,0.66064453125,891.9118041992188
1710890747029292000,45.3412919921875,0.536376953125,891.9252319335938
1710890747069290500,45.38129052734375,0.359375,891.9442749023438
1710890747109292300,45.42129223632813,0.26953125,891.9540405273438
1710890747149298400,45.46129833984375,0.272216796875,891.9537963867188
1710890747189292300,45.501292236328126,0.2193603515625,891.9594116210938
1710890747229290500,45.54129052734375,0.092529296875,891.9730834960938
1710890747269292000,45.5812919921875,0.07666015625,891.9750366210938
1710890747309305000,45.62130517578125,0.0977783203125,891.9725952148438
1710890747349292000,45.6612919921875,0.0845947265625,891.9740600585938
1710890747389290500,45.70129052734375,0.1004638671875,891.9723510742188
1710890747429292000,45.7412919921875,0.0660400390625,891.9760131835938
1710890747469291000,45.781291015625,0.0634765625,891.9762573242188
1710890747509296000,45.82129614257813,0.1322021484375,891.9689331054688
1710890747549291800,45.861291748046874,0.0660400390625,891.9760131835938
1710890747589292300,45.901292236328125,0.0185546875,891.9811401367188
1710890747629290500,45.94129052734375,0.060791015625,891.9765014648438
1710890747669311000,45.98131103515625,0,891.9833374023438
1710890747709292800,46.021292724609374,0.08984375,891.9735717773438
1710890747749292000,46.0612919921875,0.03173828125,891.9796752929688
1710890747789290200,46.10129028320313,0.0634765625,891.9762573242188
1710890747829291800,46.141291748046875,0.0977783203125,891.9725952148438
1710890747869293000,46.18129296875,0.0264892578125,891.9804077148438
1710890747909292300,46.221292236328125,0.034423828125,891.9794311523438
1710890747949290200,46.261290283203124,-0.0025634765625,891.9835815429688
1710890747989292300,46.30129223632812,0,891.9830932617188
1710890748029291500,46.34129150390625,0.0079345703125,891.9823608398438
1710890748069291500,46.38129150390625,0.0264892578125,891.9804077148438
1710890748109290500,46.42129052734375,0.03173828125,891.9796752929688
1710890748149293000,46.46129296875,0.0106201171875,891.9821166992188
1710890748189290200,46.501290283203126,0.0396728515625,891.9789428710938
1710890748229293600,46.54129345703125,-0.0079345703125,891.9840698242188
1710890748269317000,46.58131713867188,-0.0528564453125,891.9889526367188
1710890748309293300,46.62129321289063,-0.0474853515625,891.9884643554688
1710890748349290500,46.66129052734375,-0.0079345703125,891.9840698242188
1710890748389292000,46.7012919921875,-0.0343017578125,891.9869995117188
1710890748429305300,46.74130541992187,0.047607421875,891.9779663085938
1710890748469300000,46.78130004882812,-0.3804931640625,892.0243530273438
1710890748509290200,46.821290283203126,-0.5574951171875,892.0436401367188
1710890748549291300,46.86129125976562,-0.369873046875,892.0233764648438
